variant,description,accuracy,accuracy_delta,size_mb,num_samples
fp32,Full precision baseline,0.854,0.0,8.522,1000
int8,"Static INT8, weights and activations (the benchmarked variant)",0.681,-0.173,2.615,1000
int8_more_calibration,Static INT8 calibrated on 1000 images instead of 250,0.686,-0.168,2.615,1000
int8_per_tensor_weights,Static INT8 with one scale per weight tensor instead of one per channel,0.088,-0.766,2.226,1000
int8_weights_float_activations,INT8 weights with float activations (dynamic-range),0.86,0.006,2.422,1000
int8_except_depthwise,"Static INT8 except the depthwise convolutions, kept in float",0.812,-0.042,2.639,1000
int8_except_conv2d,"Static INT8 except the standard and 1x1 convolutions, kept in float",0.744,-0.11,8.475,1000
int8_except_residual_add,"Static INT8 except the residual additions, kept in float",0.675,-0.179,2.618,1000
int8_except_head,"Static INT8 except pooling, the dense head and softmax, kept in float",0.687,-0.167,2.651,1000
